City_ID,City,Country,Date,Lat,Lng,Max Temp,Humidity,Cloudiness,Wind Speed
0,Lebu,CL,2021-11-06 00:09:26,-37.6167,-73.65,53.01,85,0,18.92
1,Punta Arenas,CL,2021-11-06 00:09:27,-53.15,-70.9167,51.91,62,75,25.32
2,Albany,US,2021-11-06 00:06:27,42.6001,-73.9662,39.92,76,35,4.92
3,Najran,SA,2021-11-06 00:09:27,17.4924,44.1277,61.32,28,26,1.72
4,Jumla,NP,2021-11-06 00:06:09,29.2747,82.1838,39.96,41,9,4.59
5,Boa Vista,BR,2021-11-06 00:09:28,2.8197,-60.6733,81.01,63,60,7.09
6,Butaritari,KI,2021-11-06 00:09:28,3.0707,172.7902,82.45,71,16,12.55
7,Yellowknife,CA,2021-11-06 00:09:29,62.456,-114.3525,28.42,99,75,4.61
8,Avarua,CK,2021-11-06 00:09:29,-21.2078,-159.775,78.85,61,20,9.22
9,Kavieng,PG,2021-11-06 00:09:30,-2.5744,150.7967,84.94,70,90,14.03
10,Mpanda,TZ,2021-11-06 00:09:30,-6.3655,31.0409,72.34,49,52,3.53
11,Port-Gentil,GA,2021-11-06 00:09:30,-0.7193,8.7815,78.37,84,100,12.19
12,Messina,IT,2021-11-06 00:09:30,38.1933,15.5497,68.79,80,75,1.01
13,Rikitea,PF,2021-11-06 00:09:31,-23.1203,-134.9692,74.95,78,87,8.72
14,Barrow,US,2021-11-06 00:09:31,71.2906,-156.7887,21.22,86,90,29.93
15,Loubomo,CG,2021-11-06 00:09:32,-4.1997,12.6739,72.37,97,100,2.55
16,Sitka,US,2021-11-06 00:09:32,57.0531,-135.33,49.89,53,75,12.66
17,Saint-Joseph,RE,2021-11-06 00:09:32,-21.3667,55.6167,70.21,76,0,6.93
18,Kadirli,TR,2021-11-06 00:09:33,37.3739,36.0961,65.35,32,1,5.39
19,Ponta Do Sol,PT,2021-11-06 00:09:34,32.6667,-17.1,67.71,67,19,8.72
20,Touros,BR,2021-11-06 00:09:34,-5.1989,-35.4608,79.36,82,50,10.76
21,Esperance,AU,2021-11-06 00:09:34,-33.8667,121.9,56.14,62,100,8.12
22,Ushuaia,AR,2021-11-06 00:09:35,-54.8,-68.3,45.99,81,95,11.88
23,Vaitape,PF,2021-11-06 00:09:35,-16.5167,-151.75,79.52,75,99,8.21
24,Caravelas,BR,2021-11-06 00:09:36,-17.7125,-39.2481,75.49,84,73,8.9
25,Komsomolskiy,UZ,2021-11-06 00:04:44,40.4272,71.7189,33.22,59,75,2.3
26,Port Elizabeth,ZA,2021-11-06 00:09:36,-33.918,25.5701,62.33,78,100,6.87
27,Nakano,JP,2021-11-06 00:09:37,36.75,138.3667,56.37,87,5,2.66
28,Darnah,LY,2021-11-06 00:09:37,32.767,22.6367,72.61,57,4,6.02
29,New Norfolk,AU,2021-11-06 00:09:38,-42.7826,147.0587,70.92,59,79,1.99
30,Siwana,IN,2021-11-06 00:09:38,25.6333,72.4167,70.5,26,98,5.44
31,Cumberland,US,2021-11-06 00:09:38,35.0502,-78.8664,48.38,61,1,6.91
32,Puerto Ayora,EC,2021-11-06 00:09:39,-0.7393,-90.3518,68.95,78,50,9.1
33,Hithadhoo,MV,2021-11-06 00:09:39,-0.6,73.0833,81.28,75,100,14.43
34,Pahalgam,IN,2021-11-06 00:09:40,34.0333,75.3333,27.52,79,32,9.33
35,Port Alfred,ZA,2021-11-06 00:09:40,-33.5906,26.891,64.81,78,100,9.84
36,Hermanus,ZA,2021-11-06 00:09:41,-34.4187,19.2345,57.9,75,3,4.76
37,Upernavik,GL,2021-11-06 00:09:41,72.7868,-56.1549,13.51,66,26,6.46
38,Kichera,RU,2021-11-06 00:09:41,55.9375,110.0997,11.8,94,100,5.1
39,Tasiilaq,GL,2021-11-06 00:09:42,65.6145,-37.6368,15.8,88,100,8.43
40,Pochutla,MX,2021-11-06 00:09:42,15.7432,-96.4661,82.22,84,19,4.56
41,Khash,IR,2021-11-06 00:09:42,28.2211,61.2158,52.38,52,56,3.56
42,Pokrovskoye,RU,2021-11-06 00:09:43,47.4157,38.8971,52.81,86,100,8.1
43,Bathsheba,BB,2021-11-06 00:08:37,13.2167,-59.5167,80.6,80,42,15.77
44,Cape Town,ZA,2021-11-06 00:05:48,-33.9258,18.4232,58.12,85,9,1.01
45,Bluff,NZ,2021-11-06 00:09:43,-46.6,168.3333,64.8,62,44,8.46
46,Lagoa,PT,2021-11-06 00:09:44,39.05,-27.9833,68.4,87,100,27.87
47,Lasa,IT,2021-11-06 00:09:44,46.6166,10.7002,36.01,71,21,4.0
48,Teguldet,RU,2021-11-06 00:09:44,57.3064,88.1667,24.21,91,100,15.17
49,Darab,IR,2021-11-06 00:09:45,28.7519,54.5444,60.01,56,21,4.63
50,Tibu,CO,2021-11-06 00:09:45,8.639,-72.7358,74.7,98,50,2.19
51,Bredasdorp,ZA,2021-11-06 00:09:46,-34.5322,20.0403,52.63,80,4,2.95
52,San Jose,US,2021-11-06 00:08:00,37.3394,-121.895,65.86,63,90,1.01
53,Tuktoyaktuk,CA,2021-11-06 00:09:46,69.4541,-133.0374,15.28,94,47,8.19
54,Airai,TL,2021-11-06 00:09:46,-8.9266,125.4092,71.94,62,93,2.3
55,Jamestown,US,2021-11-06 00:08:20,42.097,-79.2353,37.04,70,1,0.0
56,Bethel,US,2021-11-06 00:09:47,41.3712,-73.414,44.22,69,1,4.61
57,Hobart,AU,2021-11-06 00:05:25,-42.8794,147.3294,71.26,65,75,4.0
58,Sao Filipe,CV,2021-11-06 00:09:48,14.8961,-24.4956,79.95,69,27,8.63
59,Baruun-Urt,MN,2021-11-06 00:09:48,46.6806,113.2792,9.99,45,100,7.74
60,Norsup,VU,2021-11-06 00:09:48,-16.0667,167.3833,82.38,70,98,0.67
61,Loviisa,FI,2021-11-06 00:09:48,60.4566,26.2251,40.44,87,100,10.2
62,Flinders,AU,2021-11-06 00:09:49,-34.5833,150.8552,74.21,74,34,3.0
63,Fortuna,US,2021-11-06 00:09:49,40.5982,-124.1573,55.42,74,75,4.0
64,Oyama,JP,2021-11-06 00:09:50,36.3,139.8,59.67,50,11,3.96
65,Olafsvik,IS,2021-11-06 00:09:50,64.8945,-23.7142,37.49,82,75,9.86
66,Hambantota,LK,2021-11-06 00:09:50,6.1241,81.1185,77.34,100,40,3.44
67,Saint-Augustin,CA,2021-11-06 00:09:50,51.226,-58.6502,33.21,76,28,8.43
68,Anda,CN,2021-11-06 00:09:51,46.4,125.3167,30.16,33,100,17.2
69,Sao Miguel Do Araguaia,BR,2021-11-06 00:09:51,-13.275,-50.1628,72.41,95,99,4.41
70,Vao,NC,2021-11-06 00:09:51,-22.6667,167.4833,69.12,62,99,10.02
71,Busselton,AU,2021-11-06 00:09:52,-33.65,115.3333,55.09,58,3,7.14
72,Belyy Yar,RU,2021-11-06 00:09:52,53.6039,91.3903,26.49,86,75,15.66
73,Beira,MZ,2021-11-06 00:09:52,-19.8436,34.8389,74.05,88,39,5.53
74,Sturgis,US,2021-11-06 00:09:53,41.7992,-85.4192,41.74,43,1,4.61
75,Tura,IN,2021-11-06 00:09:53,25.5198,90.2201,60.69,92,52,3.47
76,Chicama,PE,2021-11-06 00:09:53,-7.8447,-79.1469,63.14,79,83,6.13
77,Dikson,RU,2021-11-06 00:09:54,73.5069,80.5464,19.63,90,100,16.93
78,Carnarvon,AU,2021-11-06 00:09:54,-24.8667,113.6333,68.07,64,0,26.46
79,Necochea,AR,2021-11-06 00:09:54,-38.5473,-58.7368,51.04,63,95,9.35
80,Deputatskiy,RU,2021-11-06 00:09:54,69.3,139.9,5.86,91,99,4.14
81,Lumphat,KH,2021-11-06 00:09:55,13.4878,106.9816,74.68,89,55,3.2
82,Talnakh,RU,2021-11-06 00:09:56,69.4865,88.3972,-9.17,98,96,1.36
83,Babu,CN,2021-11-06 00:09:56,24.4167,111.5167,74.77,90,38,2.89
84,Marsaxlokk,MT,2021-11-06 00:09:56,35.8419,14.5431,70.41,94,100,11.5
85,Arraial Do Cabo,BR,2021-11-06 00:09:57,-22.9661,-42.0278,70.21,81,2,8.08
86,Hilo,US,2021-11-06 00:09:57,19.7297,-155.09,82.13,71,40,8.05
87,Mataura,NZ,2021-11-06 00:09:57,-46.1927,168.8643,64.47,37,93,4.27
88,Haines Junction,CA,2021-11-06 00:09:58,60.7522,-137.5108,28.65,92,99,1.72
89,Bulolo,PG,2021-11-06 00:09:58,-7.2,146.65,86.36,53,86,3.53
90,Druzhba,UA,2021-11-06 00:09:58,52.0428,33.9453,51.6,89,100,4.65
91,Juneau,US,2021-11-06 00:05:25,58.3019,-134.4197,44.6,87,90,1.01
92,Ilulissat,GL,2021-11-06 00:09:59,69.2167,-51.1,23.02,50,68,5.75
93,Dharchula,IN,2021-11-06 00:09:59,29.85,80.5333,50.67,31,26,7.94
94,Castro,BR,2021-11-06 00:10:00,-24.7911,-50.0119,64.74,93,74,2.26
95,Mar Del Plata,AR,2021-11-06 00:09:07,-38.0023,-57.5575,54.88,74,0,8.99
96,San Policarpo,PH,2021-11-06 00:10:00,12.1791,125.5072,83.23,79,71,7.78
97,Los Llanos De Aridane,ES,2021-11-06 00:10:01,28.6585,-17.9182,64.15,72,75,5.01
98,Brownfield,US,2021-11-06 00:10:02,33.1812,-102.2744,71.51,42,0,10.36
99,Ndjole,GA,2021-11-06 00:10:03,-0.1783,10.7649,74.5,99,100,2.68
100,Portland,US,2021-11-06 00:06:30,45.5234,-122.6762,56.64,68,40,1.01
101,Georgetown,MY,2021-11-06 00:08:26,5.4112,100.3354,78.89,90,20,1.01
102,Mahebourg,MU,2021-11-06 00:10:04,-20.4081,57.7,72.25,84,34,10.6
103,Wakefield,GB,2021-11-06 00:05:39,53.6809,-1.499,53.04,88,85,7.49
104,Tabas,IR,2021-11-06 00:10:05,33.5959,56.9244,54.16,19,86,6.55
105,Belmonte,BR,2021-11-06 00:10:06,-15.8631,-38.8828,75.58,92,95,6.02
106,Kahului,US,2021-11-06 00:09:42,20.8947,-156.47,88.86,64,20,21.85
107,Lokosovo,RU,2021-11-06 00:10:06,61.1333,74.8167,30.69,95,99,10.4
108,Santa Rosa,PH,2021-11-06 00:10:07,14.3122,121.1114,86.09,74,93,7.47
109,Hervey Bay,AU,2021-11-06 00:10:07,-25.2986,152.8535,79.03,65,62,8.84
110,Srednekolymsk,RU,2021-11-06 00:10:08,67.45,153.6833,-2.51,92,59,3.33
111,Kapaa,US,2021-11-06 00:10:08,22.0752,-159.319,82.72,72,40,3.0
112,Atuona,PF,2021-11-06 00:10:09,-9.8,-139.0333,78.46,70,6,16.24
113,Nshamba,TZ,2021-11-06 00:10:09,-1.7983,31.5511,60.93,87,84,3.22
114,Hamilton,US,2021-11-06 00:08:48,39.1834,-84.5333,45.77,68,1,4.61
115,Puerto Carreno,CO,2021-11-06 00:06:25,6.189,-67.4859,81.39,74,95,7.27
116,Vargashi,RU,2021-11-06 00:10:10,55.3556,65.8467,30.65,85,91,11.43
117,Doctor Cecilio Baez,PY,2021-11-06 00:10:10,-25.05,-56.3167,72.39,94,91,6.87
118,Cockburn Town,TC,2021-11-06 00:10:10,21.4612,-71.1419,83.1,77,70,19.8
119,Narsaq,GL,2021-11-06 00:08:44,60.9167,-46.05,28.62,88,100,7.78
120,Shediac,CA,2021-11-06 00:10:11,46.2198,-64.5411,29.08,62,68,5.84
121,Marsh Harbour,BS,2021-11-06 00:05:31,26.5412,-77.0636,78.71,77,100,10.65
122,Thompson,CA,2021-11-06 00:10:11,55.7435,-97.8558,34.84,75,100,4.09
123,Cidreira,BR,2021-11-06 00:10:12,-30.1811,-50.2056,68.74,90,86,12.91
124,Fort Nelson,CA,2021-11-06 00:10:12,58.8053,-122.7002,31.59,100,90,5.75
125,Bambous Virieux,MU,2021-11-06 00:10:13,-20.3428,57.7575,72.21,85,31,11.21
126,Guaimaro,CU,2021-11-06 00:10:13,21.05,-77.35,77.5,85,76,3.89
127,Saint-Philippe,RE,2021-11-06 00:10:13,-21.3585,55.7679,71.22,79,0,6.11
128,Orapa,BW,2021-11-06 00:10:14,-21.2833,25.3667,80.04,38,59,7.16
129,Eyl,SO,2021-11-06 00:10:14,7.9803,49.8164,74.71,78,1,5.97
130,Port Hardy,CA,2021-11-06 00:10:14,50.6996,-127.4199,42.98,87,75,8.05
131,La Ronge,CA,2021-11-06 00:10:15,55.1001,-105.2842,37.62,87,90,2.3
132,Kodiak,US,2021-11-06 00:10:15,57.79,-152.4072,38.71,65,75,5.75
133,Lompoc,US,2021-11-06 00:10:15,34.6391,-120.4579,75.34,71,1,10.36
134,Olinda,BR,2021-11-06 00:10:16,-8.0089,-34.8553,79.5,84,46,12.3
135,Cherskiy,RU,2021-11-06 00:10:16,68.75,161.3,3.51,87,100,9.08
136,Kuytun,RU,2021-11-06 00:10:17,54.3419,101.5036,8.42,80,97,3.98
137,Te Anau,NZ,2021-11-06 00:10:17,-45.4167,167.7167,63.5,60,98,1.97
138,Victoria,HK,2021-11-06 00:08:05,22.2855,114.1577,78.85,90,10,3.0
139,Faya,SA,2021-11-06 00:10:18,18.3851,42.4509,54.12,54,23,2.37
140,Almaty,KZ,2021-11-06 00:10:18,43.25,76.95,6.71,85,3,2.24
141,Morondava,MG,2021-11-06 00:10:18,-20.2833,44.2833,72.12,64,0,6.35
142,Dunedin,NZ,2021-11-06 00:10:19,-45.8742,170.5036,56.8,72,93,15.01
143,Bentiu,SS,2021-11-06 00:10:19,9.2333,29.8333,73.26,81,70,4.23
144,Oktyabrskoye,RU,2021-11-06 00:10:19,43.0645,44.7417,46.54,93,61,2.24
145,Naze,JP,2021-11-06 00:10:20,28.3667,129.4833,63.72,89,100,11.99
146,Dingle,PH,2021-11-06 00:10:20,10.9995,122.6711,81.48,84,80,5.26
147,Butajira,ET,2021-11-06 00:10:21,8.1167,38.3667,55.81,47,6,3.89
148,Pangkalanbuun,ID,2021-11-06 00:10:21,-2.6833,111.6167,80.26,84,80,1.97
149,Samfya,ZM,2021-11-06 00:10:21,-11.3649,29.5565,73.26,31,65,8.37
150,Wilmington,US,2021-11-06 00:07:58,34.2257,-77.9447,49.91,71,1,11.5
151,Poing,DE,2021-11-06 00:10:22,48.17,11.8186,40.98,92,96,1.43
152,Dubbo,AU,2021-11-06 00:08:39,-32.25,148.6167,73.53,56,13,10.36
153,Kefalos,GR,2021-11-06 00:10:22,36.7453,26.9589,68.22,68,0,12.66
154,Nikolskoye,RU,2021-11-06 00:10:23,59.7035,30.7861,43.88,84,100,11.39
155,Bandarbeyla,SO,2021-11-06 00:10:23,9.4942,50.8122,75.76,78,2,4.9
156,Hearst,CA,2021-11-06 00:10:23,49.6835,-83.6665,41.38,83,91,11.9
157,Hovd,MN,2021-11-06 00:10:24,48.0056,91.6419,11.8,30,26,0.89
158,Thohoyandou,ZA,2021-11-06 00:10:24,-22.9456,30.485,73.74,59,51,7.34
159,Vaini,TO,2021-11-06 00:10:25,-21.2,-175.2,82.56,89,20,9.22
160,Kaitangata,NZ,2021-11-06 00:10:25,-46.2817,169.8464,57.92,71,97,11.7
161,Jiexiu,CN,2021-11-06 00:10:25,37.0244,111.9125,53.37,76,85,1.66
162,Bal-Os,PH,2021-11-06 00:10:26,9.4416,122.6257,81.84,77,55,3.85
163,Sabzevar,IR,2021-11-06 00:10:26,36.2126,57.6819,43.88,30,85,7.87
164,Verkhoyansk,RU,2021-11-06 00:10:27,67.5447,133.385,-0.6,90,12,7.99
165,Port Hedland,AU,2021-11-06 00:08:43,-20.3167,118.5667,86.05,42,14,11.5
166,Kiama,AU,2021-11-06 00:10:27,-34.6833,150.8667,73.99,73,30,12.8
167,Robertson,US,2021-11-06 00:10:28,36.5167,-86.8667,51.78,61,75,0.0
168,Cayenne,GF,2021-11-06 00:10:29,4.9333,-52.3333,80.1,88,75,0.0
169,Spasskoye,RU,2021-11-06 00:10:29,44.6108,132.7969,48.92,78,45,11.27
170,Ostrovnoy,RU,2021-11-06 00:10:29,68.0531,39.5131,35.87,98,100,5.75
171,Prince Rupert,CA,2021-11-06 00:09:41,54.3161,-130.3201,45.54,68,92,14.79
172,Longyearbyen,SJ,2021-11-06 00:10:30,78.2186,15.6401,13.84,73,40,2.3
173,Nizwa,OM,2021-11-06 00:10:30,22.9333,57.5333,69.03,55,0,1.79
174,Xucheng,CN,2021-11-06 00:07:11,20.35,110.1288,75.33,89,14,8.61
175,Znamenskoye,RU,2021-11-06 00:10:30,57.1281,73.8282,30.88,93,100,8.9
176,Vila Velha,BR,2021-11-06 00:10:31,-20.3297,-40.2925,73.35,81,75,5.99
177,Codrington,AU,2021-11-06 00:10:31,-38.2667,141.9667,68.02,73,100,15.03
178,Acarau,BR,2021-11-06 00:10:32,-2.8856,-40.12,80.85,79,100,13.22
179,Jian,CN,2021-11-06 00:10:32,27.1172,114.9793,69.08,94,99,4.47
180,Yulara,AU,2021-11-06 00:10:32,-25.2406,130.9889,87.64,42,34,12.66
181,Abu Kamal,SY,2021-11-06 00:10:33,34.4506,40.9171,66.81,41,0,1.07
182,Tiksi,RU,2021-11-06 00:10:33,71.6872,128.8694,5.2,79,100,25.43
183,Dali,CN,2021-11-06 00:10:33,25.7,100.1833,45.72,80,30,3.24
184,Geraldton,AU,2021-11-06 00:10:33,-28.7667,114.6,63.01,59,5,13.8
185,Ust-Maya,RU,2021-11-06 00:10:34,60.4167,134.5333,1.99,95,98,4.97
186,Karatau,KZ,2021-11-06 00:10:34,43.1667,70.4667,16.93,63,0,1.36
187,Ayan,RU,2021-11-06 00:10:35,56.45,138.1667,30.65,95,100,10.63
188,Villazon,BO,2021-11-06 00:10:35,-22.0866,-65.5942,52.9,61,30,18.77
189,Kerema,PG,2021-11-06 00:10:36,-7.9631,145.7785,83.8,73,66,3.87
190,Zabid,YE,2021-11-06 00:10:36,14.1951,43.3152,80.64,60,15,3.2
191,Gucheng,CN,2021-11-06 00:10:36,35.9115,111.3192,57.0,84,100,1.66
192,East London,ZA,2021-11-06 00:10:37,-33.0153,27.9116,64.98,88,100,12.77
193,Maceio,BR,2021-11-06 00:10:37,-9.6658,-35.7353,79.36,86,99,12.26
194,Acari,PE,2021-11-06 00:10:37,-15.4311,-74.6158,68.43,72,14,3.44
195,Garowe,SO,2021-11-06 00:10:38,8.4054,48.4845,71.11,69,1,7.74
196,Sakakah,SA,2021-11-06 00:10:38,29.9697,40.2064,64.22,40,0,6.13
197,Khatanga,RU,2021-11-06 00:10:39,71.9667,102.5,0.21,92,97,16.08
198,Yar-Sale,RU,2021-11-06 00:07:28,66.8333,70.8333,19.02,93,67,9.33
199,Carballo,ES,2021-11-06 00:10:39,43.213,-8.691,52.86,89,68,2.86
200,Newport,GB,2021-11-06 00:10:40,51.5877,-2.9984,52.86,90,100,4.94
201,Yerbogachen,RU,2021-11-06 00:10:40,61.2767,108.0108,13.03,92,100,14.67
202,Mount Isa,AU,2021-11-06 00:10:41,-20.7333,139.5,94.77,34,19,9.22
203,Karasjok,NO,2021-11-06 00:10:41,69.4719,25.5112,28.51,98,99,1.86
204,Inta,RU,2021-11-06 00:10:41,66.0317,60.1659,35.29,99,100,15.77
205,San Roque,ES,2021-11-06 00:10:42,36.2107,-5.3842,53.31,52,0,6.44
206,Meylan,FR,2021-11-06 00:10:42,45.2199,5.7901,44.53,90,9,2.44
207,Inongo,CD,2021-11-06 00:10:43,-1.95,18.2667,71.31,94,83,1.43
208,Ahipara,NZ,2021-11-06 00:10:43,-35.1667,173.1667,65.21,78,17,6.13
209,Paramonga,PE,2021-11-06 00:10:43,-10.6667,-77.8333,64.76,86,27,7.74
210,Pisco,PE,2021-11-06 00:10:44,-13.7,-76.2167,64.02,88,0,13.8
211,Northam,GB,2021-11-06 00:08:45,51.0333,-4.2167,53.1,84,99,9.53
212,Prainha,BR,2021-11-06 00:10:44,-1.8,-53.48,83.77,55,96,5.32
213,Taltal,CL,2021-11-06 00:10:45,-25.4,-70.4833,62.19,74,20,5.79
214,Kismayo,SO,2021-11-06 00:10:14,-0.3582,42.5454,78.62,80,45,12.64
215,Madingou,CG,2021-11-06 00:10:45,-4.1536,13.55,73.94,95,98,4.03
216,Vengerovo,RU,2021-11-06 00:10:46,55.6848,76.7471,28.22,95,100,12.19
217,Almasu Mare,RO,2021-11-06 00:10:46,46.1,23.1333,50.41,96,100,3.69
218,Iqaluit,CA,2021-11-06 00:10:47,63.7506,-68.5145,8.85,87,38,4.79
219,Norman Wells,CA,2021-11-06 00:10:47,65.282,-126.8329,17.64,86,90,0.0
220,Ribeira Grande,PT,2021-11-06 00:10:47,38.5167,-28.7,69.19,94,100,25.05
221,Severo-Kurilsk,RU,2021-11-06 00:10:48,50.6789,156.125,37.47,76,98,15.39
222,Cabo San Lucas,MX,2021-11-06 00:06:54,22.8909,-109.9124,84.61,64,16,1.01
223,Salalah,OM,2021-11-06 00:10:48,17.0151,54.0924,75.29,83,20,3.44
224,Nelson Bay,AU,2021-11-06 00:10:49,-32.7167,152.15,75.25,66,39,13.24
225,Lata,PT,2021-11-06 00:10:49,40.1629,-8.3327,50.81,72,0,4.65
226,Torbay,CA,2021-11-06 00:10:49,47.6666,-52.7314,38.26,92,100,4.0
227,Yaring,TH,2021-11-06 00:10:50,6.8662,101.3689,79.29,87,97,4.41
228,Lazaro Cardenas,MX,2021-11-06 00:09:19,17.9583,-102.2,80.15,78,73,4.65
229,Kaliyaganj,IN,2021-11-06 00:10:50,25.6333,88.3167,63.9,71,44,3.85
230,San Patricio,US,2021-11-06 00:10:51,28.017,-97.5169,64.83,58,0,5.64
231,Road Town,VG,2021-11-06 00:10:51,18.4167,-64.6167,80.69,75,12,17.45
232,Alice Springs,AU,2021-11-06 00:10:52,-23.7,133.8833,90.95,31,18,4.61
233,Alyangula,AU,2021-11-06 00:10:52,-13.8483,136.4192,86.72,59,51,8.86
234,Emba,KZ,2021-11-06 00:10:52,48.8264,58.1442,25.18,24,26,3.65
235,Tonami,JP,2021-11-06 00:10:53,37.0013,137.7272,62.19,58,0,5.41
236,Casper,US,2021-11-06 00:06:32,42.8666,-106.3131,55.51,35,1,14.0
237,Saint-Georges,GD,2021-11-06 00:10:53,12.0564,-61.7485,80.71,81,45,13.51
238,Limon,CR,2021-11-06 00:10:53,10.0,-83.0333,79.14,85,45,6.17
239,Eureka,US,2021-11-06 00:06:32,40.8021,-124.1637,55.67,94,100,2.93
240,Rawson,AR,2021-11-06 00:10:48,-43.3002,-65.1023,53.98,60,0,16.28
241,Saint-Pierre,RE,2021-11-06 00:10:54,-21.3393,55.4781,71.29,64,0,5.75
242,Laguna,US,2021-11-06 00:10:55,38.421,-121.4238,67.14,66,1,3.0
243,Bajil,YE,2021-11-06 00:10:55,15.0584,43.2851,82.15,56,14,5.12
244,Qaanaaq,GL,2021-11-06 00:10:56,77.484,-69.3632,11.05,69,92,11.25
245,Saldanha,ZA,2021-11-06 00:10:56,-33.0117,17.9442,59.14,75,3,13.4
246,Lima,PE,2021-11-06 00:07:24,-12.0432,-77.0282,66.9,78,75,14.97
247,Issoire,FR,2021-11-06 00:10:57,45.55,3.25,43.86,95,58,4.38
248,Sistranda,NO,2021-11-06 00:10:57,63.7256,8.834,43.9,64,100,32.97
249,Raudeberg,NO,2021-11-06 00:10:58,61.9875,5.1352,45.27,81,51,3.0
250,Erbaa,TR,2021-11-06 00:10:58,40.6689,36.5675,45.39,52,1,1.14
251,Bowen,AU,2021-11-06 00:10:58,-20.0167,148.2333,80.42,66,50,12.82
252,Fare,PF,2021-11-06 00:10:59,-16.7,-151.0167,79.79,73,95,7.38
253,Sulphur,US,2021-11-06 00:10:59,30.2366,-93.3774,59.0,71,1,8.05
254,Lavrentiya,RU,2021-11-06 00:07:19,65.5833,-171.0,7.88,80,100,11.97
255,Sao Gabriel Da Cachoeira,BR,2021-11-06 00:10:59,-0.1303,-67.0892,75.88,91,79,1.03
256,Guadalupe Victoria,MX,2021-11-06 00:11:00,32.2869,-115.105,90.68,13,79,6.08
257,Uyuni,BO,2021-11-06 00:11:01,-20.4597,-66.825,51.91,7,3,8.37
258,Nome,US,2021-11-06 00:09:58,64.5011,-165.4064,28.47,75,90,17.27
259,Raahe,FI,2021-11-06 00:11:01,64.6833,24.4833,38.19,80,59,15.05
260,Souillac,MU,2021-11-06 00:11:02,-20.5167,57.5167,72.36,82,59,9.53
261,Karak,JO,2021-11-06 00:10:16,31.1667,35.75,61.9,44,0,10.2
262,Conceicao Do Araguaia,BR,2021-11-06 00:07:29,-8.2578,-49.2647,77.27,83,96,4.05
263,Villa Guerrero,MX,2021-11-06 00:11:03,18.8667,-99.65,68.38,88,57,0.78
264,Namatanai,PG,2021-11-06 00:11:03,-3.6667,152.4333,85.5,65,63,10.07
265,Grindavik,IS,2021-11-06 00:11:04,63.8424,-22.4338,37.87,87,0,13.8
266,Perth,AU,2021-11-06 00:09:23,-31.9333,115.8333,62.15,62,0,11.5
267,Mackay,AU,2021-11-06 00:07:01,-21.15,149.2,84.69,68,25,11.92
268,Ancud,CL,2021-11-06 00:11:04,-41.8697,-73.8203,57.42,76,0,2.33
269,Rorvik,NO,2021-11-06 00:11:04,64.8621,11.2373,45.1,62,94,28.36
270,Vasudevanallur,IN,2021-11-06 00:11:05,9.2333,77.4167,75.2,83,81,4.79
271,Kashi,CN,2021-11-06 00:11:05,39.4547,75.9797,38.23,40,100,9.66
272,Marion,US,2021-11-06 00:07:30,39.7684,-86.1555,43.72,71,1,0.0
273,Gambela,ET,2021-11-06 00:11:06,8.25,34.5833,71.35,80,84,4.56
274,Paso De Los Toros,UY,2021-11-06 00:10:02,-32.8167,-56.5167,57.13,65,100,14.43
275,Thap Than,TH,2021-11-06 00:11:06,15.4606,99.8917,75.9,88,80,1.25
276,Luderitz,NA,2021-11-06 00:11:07,-26.6481,15.1594,59.56,73,42,16.58
277,Sawtell,AU,2021-11-06 00:11:08,-30.3833,153.1,71.62,64,90,11.5
278,Chokurdakh,RU,2021-11-06 00:11:08,70.6333,147.9167,-6.41,90,47,4.79
279,Nanortalik,GL,2021-11-06 00:11:08,60.1432,-45.2371,31.48,79,98,3.87
280,Klobuck,PL,2021-11-06 00:11:09,50.9008,18.9367,44.26,82,99,11.77
281,Mardin,TR,2021-11-06 00:11:10,37.3131,40.7436,56.73,44,0,6.49
282,Zhigansk,RU,2021-11-06 00:11:10,66.7697,123.3711,5.58,94,100,24.45
283,Port Lincoln,AU,2021-11-06 00:11:10,-34.7333,135.8667,64.18,76,67,12.86
284,Coquimbo,CL,2021-11-06 00:07:51,-29.9533,-71.3436,56.93,82,40,6.91
285,Ndele,CF,2021-11-06 00:11:11,8.4109,20.6473,74.93,73,62,1.63
286,Hillsborough,US,2021-11-06 00:11:11,37.5741,-122.3794,63.0,77,90,1.99
287,Kaeo,NZ,2021-11-06 00:11:12,-35.1,173.7833,68.41,66,96,4.83
288,Muzhi,RU,2021-11-06 00:11:12,65.3667,64.6667,25.32,96,97,8.39
289,Katsuura,JP,2021-11-06 00:09:14,35.1333,140.3,64.18,62,7,12.57
290,Pevek,RU,2021-11-06 00:11:13,69.7008,170.3133,-11.33,94,14,6.69
291,Puerto Maldonado,PE,2021-11-06 00:10:44,-12.6,-69.1833,78.78,75,99,1.36
292,Moose Factory,CA,2021-11-06 00:09:55,51.2585,-80.6094,40.44,85,100,11.77
293,Nouadhibou,MR,2021-11-06 00:11:13,20.931,-17.0347,68.85,80,4,17.31
294,Matagami,CA,2021-11-06 00:11:14,49.7502,-77.6328,36.48,83,96,10.56
295,Saskylakh,RU,2021-11-06 00:11:14,71.9167,114.0833,-0.53,90,96,19.08
296,Petatlan,MX,2021-11-06 00:11:14,17.5167,-101.2667,85.8,85,98,2.1
297,Xuddur,SO,2021-11-06 00:11:15,4.1213,43.8894,72.61,83,53,7.78
298,Kutum,SD,2021-11-06 00:11:16,14.2,24.6667,70.77,31,51,6.46
299,Warman,CA,2021-11-06 00:11:16,52.3168,-106.5679,43.09,80,14,6.98
300,Kidal,ML,2021-11-06 00:11:16,18.4411,1.4078,82.09,17,0,3.91
301,Pokosnoye,RU,2021-11-06 00:11:17,55.5258,101.0536,17.15,56,100,10.85
302,Vila Franca Do Campo,PT,2021-11-06 00:11:17,37.7167,-25.4333,70.21,85,100,18.88
303,Kruisfontein,ZA,2021-11-06 00:11:17,-34.0033,24.7314,58.37,81,100,4.76
304,Faanui,PF,2021-11-06 00:11:18,-16.4833,-151.75,79.52,75,99,8.25
305,Poum,NC,2021-11-06 00:11:18,-20.2333,164.0167,72.82,72,58,10.63
306,Praia Da Vitoria,PT,2021-11-06 00:11:18,38.7333,-27.0667,69.76,92,100,23.11
307,Shimanovsk,RU,2021-11-06 00:11:19,52.0,127.7,18.82,32,67,14.27
308,Mbaiki,CF,2021-11-06 00:11:19,3.8678,17.9892,71.28,95,74,2.33
309,Akureyri,IS,2021-11-06 00:11:20,65.6835,-18.0878,22.28,93,68,3.06
310,Fuyu,CN,2021-11-06 00:11:20,45.1833,124.8167,30.92,44,84,16.44
311,Labuhan,ID,2021-11-06 00:11:21,-6.8844,112.2051,82.42,76,100,6.55
312,Nuuk,GL,2021-11-06 00:11:21,64.1835,-51.7216,29.01,59,75,10.36
313,Clyde River,CA,2021-11-06 00:11:22,70.4692,-68.5914,12.04,94,91,6.53
314,Tabou,CI,2021-11-06 00:11:22,4.423,-7.3528,78.51,86,49,6.67
315,Ambon,ID,2021-11-06 00:08:34,-3.6954,128.1814,84.34,74,40,2.3
316,Wenling,CN,2021-11-06 00:06:28,28.3669,121.36,69.91,92,99,3.83
317,Waingapu,ID,2021-11-06 00:11:22,-9.6567,120.2641,83.84,70,100,6.02
318,Waterloo,CA,2021-11-06 00:10:19,43.4668,-80.5164,40.24,73,19,3.0
319,Ewa Beach,US,2021-11-06 00:07:47,21.3156,-158.0072,84.15,60,90,17.0
320,Candido Mendes,BR,2021-11-06 00:11:23,-1.4467,-45.7167,76.23,91,99,3.78
321,San Quintin,MX,2021-11-06 00:11:23,30.4833,-115.95,68.61,72,13,6.96
322,Schruns,AT,2021-11-06 00:11:24,47.0709,9.9475,30.56,100,79,5.68
323,Sambava,MG,2021-11-06 00:11:24,-14.2667,50.1667,71.15,91,29,7.58
324,Keti Bandar,PK,2021-11-06 00:11:24,24.1447,67.4497,77.11,59,80,8.59
325,Port Moresby,PG,2021-11-06 00:11:25,-9.4431,147.1797,84.25,68,10,4.27
326,Port Macquarie,AU,2021-11-06 00:11:25,-31.4333,152.9167,75.16,61,31,12.19
327,Sayyan,YE,2021-11-06 00:11:25,15.1718,44.3244,51.85,33,15,3.33
328,Burley,US,2021-11-06 00:11:26,42.5357,-113.7928,60.76,36,1,3.44
329,Walvis Bay,NA,2021-11-06 00:11:26,-22.9575,14.5053,59.97,82,7,14.61
330,Maningrida,AU,2021-11-06 00:11:27,-12.0667,134.2667,88.97,56,94,8.1
331,Santa Luzia,BR,2021-11-06 00:11:27,-19.7697,-43.8514,68.88,83,51,6.93
332,Mbandaka,CD,2021-11-06 00:11:28,0.0487,18.2603,71.13,92,91,2.19
333,Ulan-Ude,RU,2021-11-06 00:11:28,51.8261,107.6098,1.29,78,14,2.24
334,Vostok,RU,2021-11-06 00:11:28,46.4856,135.8833,41.11,58,79,4.12
335,Amahai,ID,2021-11-06 00:11:29,-3.3333,128.9167,83.32,74,96,0.16
336,Maldonado,UY,2021-11-06 00:11:29,-34.6667,-54.9167,56.59,75,100,15.64
337,Tevaitoa,PF,2021-11-06 00:11:30,-16.7833,-151.5,79.61,74,87,8.01
338,Kasamwa,TZ,2021-11-06 00:11:31,-2.85,32.4333,65.12,91,54,1.41
339,Kungurtug,RU,2021-11-06 00:11:31,50.5994,97.5228,-2.78,82,51,1.12
340,Honningsvag,NO,2021-11-06 00:11:31,70.9821,25.9704,36.91,97,100,14.99
341,Khani,GE,2021-11-06 00:11:31,41.9563,42.9566,53.17,67,10,5.77
342,Koumac,NC,2021-11-06 00:11:32,-20.5667,164.2833,74.89,65,64,10.42
343,Manggar,ID,2021-11-06 00:11:32,-2.8833,108.2667,80.46,79,94,2.15
344,Tuatapere,NZ,2021-11-06 00:11:33,-46.1333,167.6833,64.81,48,99,4.29
345,Otacilio Costa,BR,2021-11-06 00:11:33,-27.4831,-50.1219,64.13,99,77,4.68
346,Wittlich,DE,2021-11-06 00:11:34,49.9833,6.8833,45.45,96,90,3.44
347,Yarmouth,US,2021-11-06 00:11:34,41.7057,-70.2286,46.15,68,1,5.01
348,Saint George,US,2021-11-06 00:07:03,37.1041,-113.5841,79.27,26,1,1.01
349,Havelock,US,2021-11-06 00:11:34,34.8791,-76.9013,51.94,69,100,3.0
350,Seryshevo,RU,2021-11-06 00:11:35,51.0933,128.3786,20.53,46,100,14.03
351,Hami,CN,2021-11-06 00:11:35,42.8,93.45,16.18,72,23,5.03
352,Karpathos,GR,2021-11-06 00:11:36,35.507,27.2132,67.96,77,96,10.36
353,Cape Canaveral,US,2021-11-06 00:11:36,28.4058,-80.6048,73.04,91,90,14.97
354,Padang,ID,2021-11-06 00:11:36,-0.9492,100.3543,77.05,85,100,3.62
355,Pokhara,NP,2021-11-06 00:11:37,28.2333,83.9833,56.59,48,90,5.39
356,Pasighat,IN,2021-11-06 00:08:17,28.0667,95.3333,60.04,61,48,3.04
357,Pitimbu,BR,2021-11-06 00:11:37,-7.4706,-34.8086,81.19,83,47,12.77
358,Bor,RU,2021-11-06 00:11:37,56.3567,44.0669,49.93,87,100,17.58
359,Ariquemes,BR,2021-11-06 00:11:38,-9.9133,-63.0408,75.79,87,100,1.39
360,Mount Gambier,AU,2021-11-06 00:09:22,-37.8333,140.7667,55.24,96,100,9.53
361,Gladstone,AU,2021-11-06 00:11:38,-23.85,151.25,78.78,57,71,11.5
362,Balakhninskiy,RU,2021-11-06 00:11:39,58.0106,114.2769,13.14,87,100,15.64
363,Sao Felix Do Xingu,BR,2021-11-06 00:11:39,-6.6447,-51.995,76.06,79,77,1.52
364,Umm Kaddadah,SD,2021-11-06 00:11:40,13.6017,26.6876,80.13,23,4,13.22
365,Farah,AF,2021-11-06 00:11:40,32.5,62.5,45.77,26,13,3.2
366,Bella Union,UY,2021-11-06 00:11:40,-30.2752,-57.6007,63.75,81,100,17.69
367,Tecoanapa,MX,2021-11-06 00:11:41,16.5167,-98.75,80.37,77,80,5.7
368,Matara,LK,2021-11-06 00:11:41,5.9485,80.5353,76.32,90,93,8.32
369,Palmas Bellas,PA,2021-11-06 00:11:41,9.2319,-80.0867,84.02,82,29,4.68
370,Kalabo,ZM,2021-11-06 00:11:42,-14.97,22.6814,71.29,66,33,5.12
371,Nguru,NG,2021-11-06 00:11:42,12.8791,10.4526,79.88,15,88,9.28
372,Paamiut,GL,2021-11-06 00:11:43,61.994,-49.6678,27.25,88,78,10.76
373,Buraydah,SA,2021-11-06 00:11:43,26.326,43.975,64.81,40,0,6.62
374,Tra Vinh,VN,2021-11-06 00:11:43,9.9347,106.3453,79.63,86,76,4.92
375,Berlevag,NO,2021-11-06 00:11:44,70.8578,29.0864,36.59,98,100,23.33
376,Davila,PH,2021-11-06 00:11:44,18.4726,120.5763,83.23,72,8,3.29
377,Manvi,IN,2021-11-06 00:11:44,15.9833,77.05,70.77,87,84,6.22
378,Hokitika,NZ,2021-11-06 00:11:44,-42.7167,170.9667,62.42,52,1,6.53
379,Karratha,AU,2021-11-06 00:11:45,-20.7377,116.8463,85.35,34,8,6.2
380,Odienne,CI,2021-11-06 00:11:45,9.51,-7.5692,77.13,71,52,2.82
381,Zhireken,RU,2021-11-06 00:11:45,52.8249,117.3076,5.94,50,1,6.91
382,Berbera,SO,2021-11-06 00:11:46,10.4396,45.0143,81.21,57,3,6.82
383,Harbour Breton,CA,2021-11-06 00:11:46,47.4833,-55.7983,43.0,82,100,6.13
384,Verkhnyaya Inta,RU,2021-11-06 00:11:47,65.9811,60.3094,35.46,99,100,14.03
385,Pipraich,IN,2021-11-06 00:11:47,26.8264,83.53,62.56,65,71,5.61
386,Chalchihuites,MX,2021-11-06 00:11:48,23.4833,-103.8833,61.74,46,11,3.94
387,Skjervoy,NO,2021-11-06 00:11:48,70.0311,20.9714,40.75,74,100,5.53
388,Novonukutskiy,RU,2021-11-06 00:11:48,53.7002,102.7117,9.55,76,80,3.71
389,Adolfo Lopez Mateos,MX,2021-11-06 00:11:49,28.4667,-107.3,63.72,23,0,4.74
390,Cullera,ES,2021-11-06 00:11:49,39.1667,-0.25,54.77,69,100,3.0
391,Santa Fe,AR,2021-11-06 00:11:49,-31.6333,-60.7,53.62,86,100,10.67
392,Puerto Del Rosario,ES,2021-11-06 00:11:50,28.5004,-13.8627,67.75,56,82,24.16
393,West Bay,KY,2021-11-06 00:11:50,19.3667,-81.4167,79.05,89,72,1.99
394,Tchibanga,GA,2021-11-06 00:11:50,-2.85,11.0333,71.35,99,100,0.49
395,Iwanai,JP,2021-11-06 00:11:51,42.9744,140.5089,50.32,69,1,2.01
396,Hailey,US,2021-11-06 00:11:51,43.5196,-114.3153,48.06,65,40,0.0
397,Terrak,NO,2021-11-06 00:11:51,65.087,12.3715,37.27,74,97,13.91
398,Kavaratti,IN,2021-11-06 00:11:51,10.5669,72.642,82.36,76,63,13.78
399,Lorengau,PG,2021-11-06 00:11:52,-2.0226,147.2712,85.15,66,85,9.78
400,Coari,BR,2021-11-06 00:11:52,-4.085,-63.1414,80.19,77,100,1.41
401,Hasaki,JP,2021-11-06 00:11:52,35.7333,140.8333,59.29,57,1,12.37
402,Alofi,NU,2021-11-06 00:11:53,-19.0595,-169.9187,76.75,79,88,16.46
403,Eslov,SE,2021-11-06 00:11:53,55.8393,13.3039,49.68,85,95,16.82
404,Songjianghe,CN,2021-11-06 00:11:53,42.1859,127.479,43.75,79,39,4.88
405,The Valley,AI,2021-11-06 00:07:33,18.217,-63.0578,82.09,70,12,18.54
406,Fandriana,MG,2021-11-06 00:11:54,-20.2333,47.3833,62.29,89,87,4.05
407,Ust-Barguzin,RU,2021-11-06 00:11:55,53.45,108.9833,19.24,75,100,5.17
408,La Asuncion,VE,2021-11-06 00:11:55,11.0333,-63.8628,79.95,84,66,16.53
409,Mitu,CO,2021-11-06 00:11:55,1.1983,-70.1733,73.8,97,100,1.14
410,Havoysund,NO,2021-11-06 00:11:55,70.9963,24.6622,31.08,93,100,8.81
411,Challans,FR,2021-11-06 00:11:56,46.8436,-1.8749,37.31,78,21,4.74
412,Meulaboh,ID,2021-11-06 00:07:18,4.1363,96.1285,75.88,91,100,6.08
413,Horasan,TR,2021-11-06 00:11:56,40.0458,42.1728,41.74,82,0,2.89
414,Masterton,NZ,2021-11-06 00:11:57,-40.9597,175.6575,57.78,99,100,5.64
415,Antsohihy,MG,2021-11-06 00:11:57,-14.8796,47.9875,76.8,86,27,1.7
416,Bialystok,PL,2021-11-06 00:09:02,53.1333,23.15,45.19,90,100,13.8
417,Zhanaozen,KZ,2021-11-06 00:11:58,43.3,52.8,29.88,28,3,12.82
418,Turka,UA,2021-11-06 00:11:58,49.1541,23.0297,39.25,82,100,1.7
419,Taoudenni,ML,2021-11-06 00:11:58,22.6783,-3.9836,78.46,22,5,8.97
420,Tak,TH,2021-11-06 00:11:59,16.5833,98.8333,67.66,95,52,1.23
421,Port Hawkesbury,CA,2021-11-06 00:11:59,45.6169,-61.3485,42.58,83,90,1.99
422,Beringovskiy,RU,2021-11-06 00:11:59,63.05,179.3167,1.92,80,50,5.19
423,Amapa,BR,2021-11-06 00:12:00,1.0,-52.0,73.15,96,65,2.71
424,Skeldon,GY,2021-11-06 00:12:00,5.8833,-57.1333,75.51,92,56,5.12
425,Mantua,IT,2021-11-06 00:12:00,45.1667,10.7833,53.35,82,69,2.59
426,Vanavara,RU,2021-11-06 00:12:01,60.34,102.2797,13.89,84,100,13.89
427,Kaga,JP,2021-11-06 00:12:01,36.2997,136.3145,57.69,59,0,1.99
428,Progreso,MX,2021-11-06 00:12:02,21.2833,-89.6667,77.11,76,17,12.26
429,Constitucion,CL,2021-11-06 00:12:02,-35.3333,-72.4167,52.86,84,0,9.01
430,Chernelytsya,UA,2021-11-06 00:12:03,48.8121,25.4248,48.47,73,100,6.98
431,Missoula,US,2021-11-06 00:12:03,47.0166,-113.8009,43.2,59,23,2.57
432,Harper,LR,2021-11-06 00:12:03,4.375,-7.7169,78.42,87,62,7.45
433,Komae,JP,2021-11-06 00:12:04,35.6364,139.5744,62.89,64,20,6.91
434,Provideniya,RU,2021-11-06 00:12:04,64.3833,-173.3,11.79,79,4,8.52
435,Erenhot,CN,2021-11-06 00:12:05,43.6475,111.9767,13.87,88,100,13.56
436,Bengkulu,ID,2021-11-06 00:12:06,-3.8004,102.2655,74.71,90,100,7.47
437,Roald,NO,2021-11-06 00:12:06,62.5833,6.1333,45.91,75,75,18.41
438,Anito,PH,2021-11-06 00:12:07,12.4497,125.2886,82.8,82,87,6.38
439,Anklam,DE,2021-11-06 00:12:07,53.8564,13.6897,48.25,88,92,16.87
440,Wattegama,LK,2021-11-06 00:12:07,6.7989,81.4808,73.51,92,99,1.16
441,Kongolo,CD,2021-11-06 00:12:08,-5.3833,27.0,67.57,96,79,2.04
442,Tecpan,GT,2021-11-06 00:12:08,14.7623,-90.9947,57.45,96,96,5.26
443,Quatre Cocos,MU,2021-11-06 00:12:08,-20.2078,57.7625,72.09,86,30,12.37
444,Yelizovo,RU,2021-11-06 00:12:09,53.1873,158.3805,26.74,68,40,8.95
445,Sao Jose Da Coroa Grande,BR,2021-11-06 00:12:09,-8.8978,-35.1478,78.73,88,51,9.44
446,Lichuan,CN,2021-11-06 00:12:10,30.3,108.85,54.0,94,78,3.02
447,Klaksvik,FO,2021-11-06 00:12:11,62.2266,-6.589,38.32,68,100,1.88
448,Sao Geraldo Do Araguaia,BR,2021-11-06 00:12:11,-6.4006,-48.555,75.88,89,64,4.32
449,Jinchang,CN,2021-11-06 00:12:11,38.4953,102.1739,21.2,60,100,12.3
450,Weyburn,CA,2021-11-06 00:12:12,49.6668,-103.8511,52.18,52,50,13.67
451,Husavik,IS,2021-11-06 00:12:12,66.0449,-17.3389,27.32,85,45,6.91
452,Cairns,AU,2021-11-06 00:10:42,-16.9167,145.7667,89.94,59,58,10.36
453,Port Blair,IN,2021-11-06 00:12:13,11.6667,92.75,79.52,80,84,3.47
454,Sumkino,RU,2021-11-06 00:12:13,58.1108,68.3244,32.97,90,100,10.22
455,Vikhorevka,RU,2021-11-06 00:12:14,56.1201,101.1636,18.99,67,98,11.27
456,Raga,SS,2021-11-06 00:12:14,8.4596,25.678,73.58,71,85,1.61
457,Kintampo,GH,2021-11-06 00:12:14,8.0563,-1.7306,76.64,80,64,7.25
458,Porto Belo,BR,2021-11-06 00:12:15,-27.1578,-48.5531,73.63,87,39,6.53
459,Axim,GH,2021-11-06 00:12:15,4.8699,-2.2405,78.22,87,25,5.41
460,Ko Samui,TH,2021-11-06 00:09:36,9.5357,99.9357,82.38,74,99,6.42
461,Avera,US,2021-11-06 00:12:16,33.194,-82.5271,48.88,58,100,12.03
462,Valverde Del Camino,ES,2021-11-06 00:12:16,37.5751,-6.7543,50.85,59,0,5.66
463,Viedma,AR,2021-11-06 00:12:16,-40.8135,-62.9967,54.97,53,0,8.1
464,Peleduy,RU,2021-11-06 00:12:14,59.6289,112.7406,15.37,91,100,15.59
465,Kieta,PG,2021-11-06 00:12:17,-6.2167,155.6333,84.92,58,56,4.83
466,Kautokeino,NO,2021-11-06 00:12:17,69.0125,23.0412,25.83,96,97,2.71
467,Biertan,RO,2021-11-06 00:12:18,46.1333,24.5167,54.16,87,94,4.05
468,Richards Bay,ZA,2021-11-06 00:12:18,-28.783,32.0377,70.95,92,86,9.78
469,Almaznyy,RU,2021-11-06 00:12:19,48.0448,40.045,50.14,88,86,8.68
470,Samarai,PG,2021-11-06 00:12:19,-10.6167,150.6667,84.24,70,18,15.77
471,Margate,GB,2021-11-06 00:12:19,51.3813,1.3862,50.04,78,65,12.97
472,Kenora,CA,2021-11-06 00:10:16,49.8167,-94.4337,44.78,87,100,11.01
473,Yichang,CN,2021-11-06 00:12:20,30.7144,111.2847,64.04,87,100,0.72
474,Rocha,UY,2021-11-06 00:12:20,-34.4833,-54.3333,56.97,68,100,14.9
475,Barth,DE,2021-11-06 00:11:26,54.3635,12.7249,51.1,69,99,21.61
476,Sorland,NO,2021-11-06 00:12:20,67.667,12.6934,42.89,73,100,23.44
477,Powell River,CA,2021-11-06 00:12:21,49.8496,-124.5361,47.08,85,99,9.48
478,Dawson Creek,CA,2021-11-06 00:12:21,55.7666,-120.2362,33.44,100,90,4.61
479,Hailar,CN,2021-11-06 00:12:21,49.2,119.7,10.78,41,61,11.34
480,Dolores,AR,2021-11-06 00:12:22,-36.3132,-57.6792,52.09,64,100,12.24
481,Chuy,UY,2021-11-06 00:12:22,-33.6971,-53.4616,59.68,68,100,15.1
482,Weinan,CN,2021-11-06 00:08:48,34.5036,109.5089,50.05,73,99,15.86
483,Turukhansk,RU,2021-11-06 00:12:22,65.8167,87.9833,-3.6,100,100,2.28
484,Palmer,US,2021-11-06 00:11:34,42.1584,-72.3287,41.22,73,20,0.0
485,Aklavik,CA,2021-11-06 00:12:23,68.2191,-135.0107,7.23,98,92,4.76
486,West Wendover,US,2021-11-06 00:12:23,40.7391,-114.0733,52.81,54,1,0.0
487,Kailua,US,2021-11-06 00:12:24,21.4022,-157.7394,84.18,73,75,11.5
488,Kirakira,SB,2021-11-06 00:12:24,-10.4544,161.9205,84.94,67,56,5.66
489,Port Pirie,AU,2021-11-06 00:12:24,-33.1833,138.0167,80.69,50,74,8.63
490,Chik,RU,2021-11-06 00:12:25,54.9928,82.4311,25.18,74,0,17.9
491,Ambovombe,MG,2021-11-06 00:12:25,-25.1667,46.0833,67.05,69,2,14.23
492,Sumeg,HU,2021-11-06 00:12:25,46.977,17.2821,46.04,75,85,7.45
493,Bogovina,RS,2021-11-06 00:12:26,43.895,21.9403,53.51,93,98,5.88
494,Byron Bay,AU,2021-11-06 00:12:26,-28.65,153.6167,69.91,76,89,6.58
495,Kamien Pomorski,PL,2021-11-06 00:12:26,53.9685,14.7726,49.5,88,81,19.95
496,Vestmanna,FO,2021-11-06 00:12:27,62.1564,-7.1664,36.52,93,75,1.14
497,San Andres,CO,2021-11-06 00:12:27,12.5847,-81.7006,84.22,74,40,5.75
498,Otradnoye,RU,2021-11-06 00:12:27,59.7775,30.8181,44.04,84,100,11.36
499,Skelleftea,SE,2021-11-06 00:12:28,64.7507,20.9528,34.0,69,37,6.91
500,San Ramon De La Nueva Oran,AR,2021-11-06 00:12:28,-23.1322,-64.326,59.38,88,100,1.19
501,Lyngseidet,NO,2021-11-06 00:12:28,69.5763,20.2189,35.47,87,99,6.85
502,Mbini,GQ,2021-11-06 00:12:29,1.574,9.6134,77.74,88,99,5.08
503,Yilan,TW,2021-11-06 00:12:29,24.757,121.753,79.09,80,34,2.59
504,Yamada,JP,2021-11-06 00:12:30,39.4667,141.95,54.7,76,15,0.31
505,Carmen,MX,2021-11-06 00:09:04,18.6333,-91.8333,80.64,69,75,12.66
506,Visnes,NO,2021-11-06 00:12:30,59.3556,5.2242,51.69,87,90,23.02
507,Anjozorobe,MG,2021-11-06 00:12:31,-18.4,47.8667,66.52,90,69,5.66
508,Bantry,IE,2021-11-06 00:12:31,51.6833,-9.45,47.68,90,90,7.58
509,Tautira,PF,2021-11-06 00:12:31,-17.7333,-149.15,84.22,73,90,5.46
510,Mnogovershinnyy,RU,2021-11-06 00:12:32,53.9353,139.9242,30.4,87,96,6.8
511,Westport,US,2021-11-06 00:12:32,41.1415,-73.3579,48.18,64,1,3.0
512,Krapivinskiy,RU,2021-11-06 00:12:32,54.9992,86.8133,20.84,86,100,13.76
513,Plouzane,FR,2021-11-06 00:12:33,48.3833,-4.6167,46.45,97,90,3.44
514,Vardo,NO,2021-11-06 00:12:33,70.3705,31.1107,35.89,99,100,9.46
515,Yatou,CN,2021-11-06 00:10:05,37.15,122.3833,60.62,68,98,6.73
516,Keuruu,FI,2021-11-06 00:12:33,62.2667,24.7,39.79,82,97,10.22
517,Popovo,BG,2021-11-06 00:12:34,43.35,26.2333,48.72,69,95,3.13
518,Agadez,NE,2021-11-06 00:12:34,19.75,10.25,75.49,15,0,3.87
519,Filadelfia,US,2021-11-06 00:07:50,39.9523,-75.1638,45.75,64,1,0.0
520,Guerrero Negro,MX,2021-11-06 00:12:35,27.9769,-114.0611,72.03,63,76,11.45
521,Tual,ID,2021-11-06 00:12:35,-5.6667,132.75,83.53,73,94,3.53
522,Santa Maria,BR,2021-11-06 00:10:17,-29.6842,-53.8069,70.5,86,94,9.93
523,Dwarka,IN,2021-11-06 00:12:35,22.2394,68.9678,78.57,51,87,12.62
524,Muhoroni,KE,2021-11-06 00:12:36,-0.1541,35.1988,62.4,77,70,3.47
525,Pio Xii,BR,2021-11-06 00:12:36,-3.8325,-45.1525,81.27,75,100,6.08
526,Meridian,US,2021-11-06 00:12:37,43.6121,-116.3915,61.84,45,1,1.01
527,Ganzhou,CN,2021-11-06 00:12:37,28.8184,115.4327,67.41,96,100,4.23
528,Morant Bay,JM,2021-11-06 00:12:38,17.8815,-76.4093,77.63,86,23,7.14
529,Elliot Lake,CA,2021-11-06 00:11:29,46.3834,-82.6331,39.52,84,92,6.35
530,Baykit,RU,2021-11-06 00:12:38,61.67,96.37,18.73,95,100,6.24
531,Billings,US,2021-11-06 00:08:56,45.7833,-108.5007,60.17,25,20,10.36
532,Sauce,UY,2021-11-06 00:12:39,-34.6469,-56.0628,57.7,67,100,15.79
533,Araouane,ML,2021-11-06 00:12:39,18.9048,-3.5265,80.83,19,20,10.18
534,Batagay-Alyta,RU,2021-11-06 00:12:40,67.8006,130.4114,2.14,79,81,7.23
535,San Cristobal,VE,2021-11-06 00:12:40,7.7669,-72.225,73.58,96,43,2.57
536,Wuwei,CN,2021-11-06 00:12:40,37.9281,102.6414,20.28,92,100,8.08
537,Barinas,VE,2021-11-06 00:12:41,8.6226,-70.2075,79.02,68,81,2.44
538,Cobija,BO,2021-11-06 00:12:41,-11.0267,-68.7692,79.41,63,64,2.46
539,Lewistown,US,2021-11-06 00:12:41,40.5992,-77.5714,41.25,80,1,0.0
540,Evensk,RU,2021-11-06 00:12:42,61.95,159.2333,20.53,92,100,3.02
541,Kudahuvadhoo,MV,2021-11-06 00:12:42,2.6708,72.8944,83.17,70,96,19.26
542,Khovu-Aksy,RU,2021-11-06 00:12:42,51.1333,93.6,4.19,85,100,2.64
543,Methven,NZ,2021-11-06 00:12:43,-43.6333,171.65,61.02,53,20,3.0
544,Jalu,LY,2021-11-06 00:12:43,29.0331,21.5482,71.53,37,0,6.87
545,Adrar,MR,2021-11-06 00:12:43,20.5022,-10.0711,72.01,34,49,9.82
546,Topeka,US,2021-11-06 00:12:44,39.0483,-95.678,54.73,70,1,4.61
547,Birsk,RU,2021-11-06 00:12:44,55.4211,55.5428,33.96,51,100,16.17
548,Dothan,US,2021-11-06 00:12:44,31.2232,-85.3905,52.0,69,1,1.01
549,Burns Lake,CA,2021-11-06 00:12:45,54.2331,-125.7533,37.67,77,100,8.14
550,Porangatu,BR,2021-11-06 00:12:45,-13.4408,-49.1486,72.68,89,97,2.46
551,Tateyama,JP,2021-11-06 00:12:45,34.9833,139.8667,64.09,68,17,11.95
552,Sao Joao Da Barra,BR,2021-11-06 00:12:46,-21.6403,-41.0511,69.37,85,2,6.53
553,Berdigestyakh,RU,2021-11-06 00:12:46,62.0989,126.6992,4.8,94,100,9.37
554,Lisakovsk,KZ,2021-11-06 00:12:46,52.5369,62.4936,29.7,37,98,13.09
555,Rumonge,BI,2021-11-06 00:12:47,-3.9736,29.4386,71.83,72,86,6.6
556,Gotsu,JP,2021-11-06 00:12:47,35.0,132.2167,59.99,62,61,5.68
557,Balaipungut,ID,2021-11-06 00:12:48,1.05,101.2833,76.05,95,100,0.4
558,Balkanabat,TM,2021-11-06 00:12:48,39.5108,54.3671,42.04,19,99,6.35
559,San Pedro,PH,2021-11-06 00:12:49,14.35,121.0167,85.32,74,93,7.23
560,Watsa,CD,2021-11-06 00:12:49,3.0372,29.5355,62.94,96,69,1.57
561,Pioner,RU,2021-11-06 00:12:49,55.3166,85.9508,20.64,79,40,13.42
562,Aksarka,RU,2021-11-06 00:12:50,66.5606,67.7975,17.35,96,99,6.44
563,Puerto Cabezas,NI,2021-11-06 00:12:50,14.0351,-83.3888,76.86,91,90,11.34
564,Pahrump,US,2021-11-06 00:12:31,36.2083,-115.9839,79.95,19,0,8.12
565,Cabedelo,BR,2021-11-06 00:12:51,-6.9811,-34.8339,81.27,83,31,11.83
566,Udachnyy,RU,2021-11-06 00:12:51,66.4167,112.4,1.58,94,20,12.06
